text,fallacy,subcategory,id,F1_negative_consequence,F2_unspecified_threat,F3_catastrophic_vocabulary,F4_scope_generalisation,F5_intensity_exaggeration,F6_epistemic_reinforcement,F7_immediacy,F8_necessity,F9_metaphor_or_imagery,F10_addressee_impact,F11_urgency,P1_popularity_as_support,P2_popularity_as_evidence,P3_vague_group_reference,P4_popularity_markers,P5_lack_of_independent_reasons,P6_conformity_pressure,P7_identity_or_belonging,P8_group_ambiguity_or_irrelevance
They’re dying in the suburbs,Appeal to Authority,Appeal to fear,1,0.95,0.8,0.7,0.75,0.4,0.0,0.3,0.0,0.0,0.0,0.0,0.0,0.0,0.85,0.0,0.0,0.0,0.0,0.8
Till you change it you're gonna be unhappy.,Appeal to Emotion,Appeal to fear,2,0.9,0.7,0.0,0.0,0.1,0.3,0.2,0.2,0.0,1.0,0.3,0.0,0.0,0.0,0.0,0.0,0.0,0.0,0.0
they know that people's lives and health are being risked,Appeal to Emotion,Appeal to fear,3,0.9,0.4,0.1,0.7,0.2,0.4,0.3,0.0,0.0,0.0,0.0,0.0,0.0,0.3,0.0,0.0,0.0,0.0,0.2
"I think it -- that we have a safer nation, but we are a long way from safe.",Appeal to Emotion,Appeal to fear,4,0.6,0.5,0.0,0.3,0.0,0.2,0.0,0.0,0.0,0.0,0.0,0.0,0.0,0.0,0.0,0.0,0.0,0.0,0.0
"I think it -- that we have a safer nation, but we are a long way from safe.",Appeal to Emotion,Appeal to fear,5,0.4,0.5,0.0,0.3,0.0,0.1,0.0,0.0,0.0,0.0,0.0,0.0,0.0,0.0,0.0,0.0,0.0,0.0,0.0
"In the meantime, bin Laden is still out there. He is not captured. He is not killed.",Appeal to Emotion,Appeal to fear,6,0.6,0.7,0.0,0.0,0.0,0.1,0.7,0.0,0.0,0.0,0.2,0.0,0.0,0.0,0.0,0.0,0.0,0.0,0.0
"In the meantime, bin Laden is still out there. He is not captured. He is not killed.",Appeal to Emotion,Appeal to fear,7,0.6,0.7,0.0,0.0,0.0,0.2,0.6,0.0,0.0,0.0,0.0,0.0,0.0,0.0,0.0,0.0,0.0,0.0,0.0
"In the meantime, bin Laden is still out there. He is not captured. He is not killed.",Appeal to Emotion,Appeal to fear,8,0.4,0.6,0.0,0.0,0.0,0.1,0.6,0.0,0.0,0.0,0.0,0.0,0.0,0.0,0.0,0.0,0.0,0.0,0.0
We might have no other choice. We'll have to see if that happens.,Appeal to Emotion,Appeal to fear,9,0.2,0.2,0.0,0.0,0.0,0.1,0.0,0.4,0.0,0.0,0.0,0.0,0.0,0.0,0.0,0.0,0.0,0.0,0.0
We might have no other choice. We'll have to see if that happens.,Appeal to Emotion,Appeal to fear,10,0.1,0.1,0.0,0.0,0.0,0.0,0.0,0.4,0.0,0.0,0.0,0.0,0.0,0.0,0.0,0.0,0.0,0.0,0.0
"I know it's tough and honest people can disagree. But when a narcotics wrapped up guy goes in and murders a police officer, I think they ought to pay with their life. And I do believe it would be inhibiting.",Appeal to Emotion,Appeal to fear,11,0.7,0.1,0.2,0.6,0.1,0.5,0.0,0.4,0.0,0.0,0.0,0.0,0.0,0.0,0.0,0.0,0.0,0.0,0.0
"I know it's tough and honest people can disagree. But when a narcotics wrapped up guy goes in and murders a police officer, I think they ought to pay with their life. And I do believe it would be inhibiting.",Appeal to Emotion,Appeal to fear,12,0.9,0.1,0.3,0.6,0.1,0.4,0.0,0.5,0.0,0.0,0.0,0.0,0.0,0.0,0.0,0.0,0.0,0.0,0.0
"I know it's tough and honest people can disagree. But when a narcotics wrapped up guy goes in and murders a police officer, I think they ought to pay with their life. And I do believe it would be inhibiting.",Appeal to Emotion,Appeal to fear,13,0.9,0.1,0.4,0.6,0.2,0.5,0.0,0.4,0.0,0.0,0.0,0.0,0.0,0.1,0.0,0.0,0.0,0.0,0.0
"I know it's tough and honest people can disagree. But when a narcotics wrapped up guy goes in and murders a police officer, I think they ought to pay with their life. And I do believe it would be inhibiting.",Appeal to Emotion,Appeal to fear,14,0.7,0.0,0.3,0.4,0.1,0.5,0.0,0.4,0.0,0.0,0.0,0.0,0.0,0.0,0.0,0.0,0.0,0.0,0.0
"I know it's tough and honest people can disagree. But when a narcotics wrapped up guy goes in and murders a police officer, I think they ought to pay with their life. And I do believe it would be inhibiting.",Appeal to Emotion,Appeal to fear,15,0.8,0.1,0.4,0.6,0.2,0.5,0.0,0.4,0.0,0.0,0.0,0.0,0.0,0.0,0.0,0.0,0.0,0.0,0.0
"I know it's tough and honest people can disagree. But when a narcotics wrapped up guy goes in and murders a police officer, I think they ought to pay with their life. And I do believe it would be inhibiting.",Appeal to Emotion,Appeal to fear,16,0.9,0.1,0.4,0.6,0.2,0.7,0.0,0.5,0.0,0.0,0.0,0.0,0.0,0.0,0.0,0.0,0.0,0.0,0.0
So this is a serious threat.,Appeal to Emotion,Appeal to fear,17,0.8,1.0,0.3,0.0,0.4,0.0,0.0,0.0,0.0,0.0,0.0,0.0,0.0,0.0,0.0,0.0,0.0,0.0,0.0
This is dangerous. It isn't just naive; it's dangerous.,Appeal to Emotion,Appeal to fear,18,0.7,0.9,0.2,0.0,0.1,0.0,0.0,0.0,0.0,0.0,0.0,0.0,0.0,0.0,0.0,0.0,0.0,0.0,0.0
This is dangerous. It isn't just naive; it's dangerous.,Appeal to Emotion,Appeal to fear,19,0.7,0.9,0.2,0.0,0.3,0.0,0.0,0.0,0.0,0.0,0.0,0.0,0.0,0.0,0.0,0.0,0.0,0.0,0.0
This is dangerous. It isn't just naive; it's dangerous.,Appeal to Emotion,Appeal to fear,20,0.8,0.9,0.2,0.0,0.3,0.0,0.0,0.0,0.0,0.0,0.0,0.0,0.0,0.0,0.0,0.0,0.0,0.0,0.0
"Just today, policemen was shot, two killed. And this is happening on a weekly basis.",Appeal to Emotion,Appeal to fear,21,0.95,0.2,0.1,0.7,0.0,0.0,0.9,0.0,0.0,0.0,0.0,0.0,0.0,0.0,0.0,0.0,0.0,0.0,0.0
"Just today, policemen was shot, two killed. And this is happening on a weekly basis.",Appeal to Emotion,Appeal to fear,22,1.0,0.3,0.2,0.7,0.1,0.0,0.9,0.0,0.0,0.0,0.0,0.0,0.0,0.0,0.0,0.0,0.0,0.0,0.0
"we have a world where you have ISIS chopping off heads, where you have—and, frankly, drowning people in steel cages, where you have wars and horrible, horrible sights all over, where you have so many bad things happening, this is like medieval times.",Appeal to Emotion,Appeal to fear,23,0.95,0.2,0.9,0.75,0.7,0.0,0.1,0.0,0.8,0.0,0.0,0.0,0.0,0.0,0.0,0.0,0.0,0.0,0.0
"We haven’t seen anything like this, the carnage all over the world.And they look and they see.",Appeal to Emotion,Appeal to fear,24,0.8,0.7,0.9,0.8,0.7,0.3,0.1,0.0,0.2,0.0,0.0,0.0,0.0,0.2,0.0,0.0,0.0,0.0,0.1
We’re going to defeat ISIS.,Appeal to Emotion,Appeal to fear,25,0.2,0.0,0.0,0.0,0.0,0.2,0.0,0.0,0.0,0.0,0.0,0.0,0.0,0.0,0.0,0.0,0.0,0.0,0.0
We don't know whether he's developing weapons of mass destruction.,Appeal to Emotion,Appeal to fear,26,0.4,0.2,0.0,0.0,0.0,0.0,0.0,0.0,0.0,0.0,0.0,0.0,0.0,0.0,0.0,0.0,0.0,0.0,0.0
He is a danger.,Appeal to Emotion,Appeal to fear,27,0.6,0.9,0.2,0.0,0.1,0.0,0.0,0.0,0.0,0.0,0.0,0.0,0.0,0.0,0.0,0.0,0.0,0.0,0.0
We don't know whether he's developing weapons of mass destruction,Appeal to Emotion,Appeal to fear,28,0.4,0.6,0.7,0.0,0.2,0.0,0.0,0.0,0.0,0.0,0.0,0.0,0.0,0.0,0.0,0.0,0.0,0.0,0.0
He is a danger.,Appeal to Emotion,Appeal to fear,29,0.7,1.0,0.2,0.0,0.1,0.0,0.0,0.0,0.0,0.0,0.0,0.0,0.0,0.0,0.0,0.0,0.0,0.0,0.0
Now what do the Chinese Communists want? They don't want just Quemoy and Matsu; they don't want just Formosa; they want the world.,Appeal to Emotion,Appeal to fear,30,0.6,0.8,0.1,0.9,0.8,0.3,0.0,0.0,0.2,0.1,0.0,0.0,0.0,0.0,0.0,0.0,0.0,0.0,0.0
Now what do the Chinese Communists want? They don't want just Quemoy and Matsu; they don't want just Formosa; they want the world.,Appeal to Emotion,Appeal to fear,31,0.75,0.8,0.1,0.95,0.8,0.0,0.0,0.0,0.2,0.0,0.0,0.0,0.0,0.0,0.0,0.0,0.0,0.0,0.0
Now what do the Chinese Communists want? They don't want just Quemoy and Matsu; they don't want just Formosa; they want the world.,Appeal to Emotion,Appeal to fear,32,0.8,0.8,0.1,1.0,0.8,0.1,0.0,0.0,0.2,0.0,0.0,0.0,0.0,0.0,0.0,0.0,0.0,0.0,0.0
"Look, this is the year -- this is in the aftermath of Columbine, and Paducah, and all the places in our country where the nation has been shocked by these weapons in the hands of the wrong people.",Appeal to Emotion,Appeal to fear,33,0.8,0.3,0.2,0.6,0.2,0.0,0.1,0.0,0.0,0.0,0.0,0.0,0.0,0.3,0.0,0.0,0.0,0.0,0.2
needs.Our country's in deep trouble.,Appeal to Emotion,Appeal to fear,34,0.8,0.9,0.3,0.8,0.6,0.0,0.0,0.0,0.2,0.1,0.0,0.0,0.0,0.0,0.0,0.0,0.0,0.0,0.0
needs.Our country's in deep trouble.,Appeal to Emotion,Appeal to fear,35,0.9,0.9,0.6,0.8,0.5,0.0,0.0,0.0,0.4,0.3,0.0,0.0,0.0,0.0,0.0,0.0,0.0,0.0,0.0
"Tragically, I was right: Nearly 300 Marines lost their lives in the bombing of the barracks.",Appeal to Emotion,Appeal to fear,36,1.0,0.0,0.7,0.6,0.2,0.8,0.0,0.0,0.0,0.0,0.0,0.0,0.0,0.0,0.0,0.0,0.0,0.0,0.0
"Tragically, I was right: Nearly 300 Marines lost their lives in the bombing of the barracks.",Appeal to Emotion,Appeal to fear,37,1.0,0.0,0.7,0.4,0.2,0.6,0.0,0.0,0.0,0.0,0.0,0.0,0.0,0.0,0.0,0.0,0.0,0.0,0.0
"She asked me, can you please make sure another mother is not going through what I'm going through.",Appeal to Emotion,Appeal to fear,38,0.7,0.8,0.0,0.6,0.0,0.0,0.0,0.2,0.0,0.0,0.2,0.0,0.0,0.2,0.0,0.0,0.0,0.0,0.0
"And until we do, Americans here at home are not going to be safe.",Appeal to Emotion,Appeal to fear,39,0.9,0.8,0.0,0.9,0.0,0.7,0.4,0.0,0.0,0.6,0.3,0.0,0.0,0.0,0.0,0.0,0.0,0.0,0.0
"But you're absolutely correct, it is a threat, it's a huge threat.",Appeal to Emotion,Appeal to fear,40,0.9,1.0,0.4,0.0,0.8,0.9,0.0,0.0,0.0,0.0,0.0,0.0,0.0,0.0,0.0,0.0,0.0,0.0,0.0
"But you're absolutely correct, it is a threat, it's a huge threat.",Appeal to Emotion,Appeal to fear,41,0.9,1.0,0.3,0.0,0.8,0.9,0.0,0.0,0.0,0.0,0.0,0.0,0.0,0.0,0.0,0.0,0.0,0.0,0.0
We were safer before President Bush came to office. Now they have the bombs and we're less safe.,Appeal to Emotion,Appeal to fear,42,0.9,0.7,0.2,0.8,0.1,0.0,0.5,0.0,0.0,0.6,0.0,0.0,0.0,0.6,0.0,0.0,0.0,0.0,0.5
We were safer before President Bush came to office. Now they have the bombs and we're less safe.,Appeal to Emotion,Appeal to fear,43,0.9,0.7,0.2,0.8,0.1,0.0,0.4,0.0,0.0,0.8,0.0,0.0,0.0,0.6,0.0,0.0,0.0,0.0,0.5
We were safer before President Bush came to office. Now they have the bombs and we're less safe.,Appeal to Emotion,Appeal to fear,44,0.9,0.7,0.2,0.6,0.1,0.0,0.2,0.0,0.0,0.4,0.0,0.0,0.0,0.7,0.0,0.0,0.0,0.0,0.7
We were safer before President Bush came to office. Now they have the bombs and we're less safe.,Appeal to Emotion,Appeal to fear,45,0.9,0.7,0.2,0.8,0.1,0.0,0.6,0.0,0.0,0.8,0.0,0.0,0.0,0.7,0.0,0.0,0.0,0.0,0.6
who threatens the peace? Who threatens freedom in the world?,Appeal to Emotion,Appeal to fear,46,0.4,0.7,0.0,0.0,0.0,0.0,0.0,0.0,0.0,0.0,0.0,0.0,0.0,0.0,0.0,0.0,0.0,0.0,0.0
"You know, just a couple of weeks ago, actually, probably about a month, I saw a mother, who I had met at the bedside of her son, who had been shot in that theater.  And her son had been shot through the head.",Appeal to Emotion,Appeal to fear,47,0.95,0.0,0.1,0.0,0.2,0.0,0.0,0.0,0.0,0.0,0.0,0.0,0.0,0.0,0.0,0.0,0.0,0.0,0.0
"I was hunting in Iowa last year with a sheriff from one of the counties there, and he pointed to a house in back of us, and said, ""See the house over? We just did a drug bust a week earlier, and the guy we arrested had an AK-47 lying on the bed right beside him. """,Appeal to Emotion,Appeal to fear,48,0.2,0.1,0.0,0.0,0.0,0.0,0.0,0.0,0.0,0.0,0.0,0.0,0.0,0.0,0.0,0.0,0.0,0.0,0.0
"And the last president of the United States that tried that was Herbert Hoover, and we went from a deep recession into a depression.",Appeal to Emotion,Appeal to fear,49,0.9,0.1,0.6,0.0,0.2,0.0,0.0,0.0,0.0,0.0,0.0,0.0,0.0,0.0,0.0,0.0,0.0,0.0,0.0
"And the last president of the United States that tried that was Herbert Hoover, and we went from a deep recession into a depression.",Appeal to Emotion,Appeal to fear,50,0.95,0.1,0.75,0.0,0.35,0.0,0.0,0.0,0.0,0.0,0.0,0.0,0.0,0.0,0.0,0.0,0.0,0.0,0.0
Franklin Roosevelt said in 1932 that the only thing we have to fear is fear itself.,Appeal to Emotion,Appeal to fear,51,0.2,0.1,0.0,0.0,0.0,0.4,0.0,0.0,0.0,0.2,0.0,0.0,0.0,0.0,0.0,0.0,0.0,0.0,0.0
"The only thing, Jim, they have to offer is fear.",Appeal to Emotion,Appeal to fear,52,0.7,0.8,0.1,0.6,0.3,0.2,0.0,0.4,0.0,0.2,0.0,0.0,0.0,0.3,0.0,0.0,0.0,0.0,0.2
They want them to be able to drink clean water and breathe clean air. They don't want them to live next to toxic waste sites.,Appeal to Emotion,Appeal to fear,53,0.7,0.1,0.2,0.4,0.1,0.0,0.0,0.0,0.0,0.0,0.0,0.0,0.0,0.6,0.0,0.0,0.0,0.0,0.5
They want them to be able to drink clean water and breathe clean air. They don't want them to live next to toxic waste sites.,Appeal to Emotion,Appeal to fear,54,0.8,0.1,0.2,0.4,0.2,0.0,0.0,0.0,0.0,0.0,0.0,0.0,0.0,0.6,0.0,0.0,0.0,0.0,0.4
That is a reign of terror. It's happening.,Appeal to Emotion,Appeal to fear,55,0.8,0.9,1.0,0.0,0.8,0.2,0.9,0.0,0.2,0.0,0.1,0.0,0.0,0.0,0.0,0.0,0.0,0.0,0.0
That is a reign of terror. It's happening.,Appeal to Emotion,Appeal to fear,56,0.9,0.8,1.0,0.0,0.9,0.2,0.9,0.0,0.4,0.0,0.3,0.0,0.0,0.0,0.0,0.0,0.0,0.0,0.0
It is extremely risky.,Appeal to Emotion,Appeal to fear,57,0.8,0.9,0.2,0.0,0.8,0.0,0.0,0.0,0.0,0.0,0.0,0.0,0.0,0.0,0.0,0.0,0.0,0.0,0.0
"A commission is fine, but a commission would not do any good if we adopted this risky $550-billion tax scheme. The word ""scary"" has been used.",Appeal to Emotion,Appeal to fear,58,0.8,0.6,0.3,0.0,0.4,0.0,0.0,0.0,0.0,0.0,0.0,0.0,0.0,0.2,0.0,0.0,0.0,0.0,0.1
"A commission is fine, but a commission would not do any good if we adopted this risky $550-billion tax scheme. The word ""scary"" has been used.",Appeal to Emotion,Appeal to fear,59,0.7,0.6,0.3,0.0,0.4,0.2,0.1,0.0,0.0,0.0,0.0,0.0,0.0,0.0,0.0,0.0,0.0,0.0,0.0
"But if you're a younger worker, if you're younger, you better hope this country thinks differently, otherwise you're gonna be faced with huge payroll taxes or reduced benefits.",Appeal to Emotion,Appeal to fear,60,1.0,0.2,0.1,0.7,0.6,0.5,0.2,0.0,0.0,0.9,0.2,0.0,0.0,0.0,0.0,0.0,0.0,0.0,0.0
That's why we're losing—we're losing—we lose on everything.,Appeal to Emotion,Appeal to fear,61,0.9,0.8,0.0,0.8,0.7,0.0,0.2,0.0,0.0,0.2,0.0,0.0,0.0,0.0,0.0,0.0,0.0,0.0,0.0
"We've seen, in this world, a development of a tremendous threat to us.",Appeal to Emotion,Appeal to fear,62,0.9,1.0,0.8,0.2,0.8,0.2,0.1,0.0,0.0,0.9,0.0,0.0,0.0,0.1,0.0,0.0,0.0,0.0,0.0
"We've seen, in this world, a development of a tremendous threat to us.",Appeal to Emotion,Appeal to fear,63,0.9,1.0,0.8,0.2,0.8,0.1,0.0,0.0,0.0,1.0,0.0,0.0,0.0,0.0,0.0,0.0,0.0,0.0,0.0
I also - know that as far as the human beings on this earth are concerned that the nonproliferation of atomic weapons is number one.,Appeal to Emotion,Appeal to fear,64,0.0,0.0,0.0,0.0,0.0,0.7,0.0,0.0,0.0,0.0,0.0,0.6,0.5,0.8,0.4,0.6,0.0,0.0,0.7
"After 9/11, I went to work with Republican mayor, governor and president to rebuild New York and to get health care for our first responders who were suffering because they had run toward danger and gotten sickened by it.",Appeal to Emotion,Appeal to fear,65,0.7,0.0,0.0,0.4,0.0,0.0,0.0,0.0,0.1,0.0,0.0,0.0,0.0,0.0,0.0,0.0,0.0,0.0,0.0
And the reason they blame Russia because they think they’re trying to tarnish me with Russia.,Appeal to Emotion,Appeal to fear,66,0.5,0.4,0.0,0.3,0.0,0.0,0.0,0.0,0.0,0.0,0.0,0.0,0.0,0.4,0.0,0.0,0.0,0.0,0.4
"I have a few African-American friends who have gone through this horror and, you know, it makes me want to kind of hit the wall because it's such an assault on their humanity and their citizenship. We can't tolerate it anymore.",Appeal to Emotion,Appeal to fear,67,0.9,0.3,0.7,0.2,0.6,0.0,0.3,0.6,0.5,0.0,0.7,0.0,0.0,0.0,0.0,0.0,0.0,0.0,0.0
"I have a few African-American friends who have gone through this horror and, you know, it makes me want to kind of hit the wall because it's such an assault on their humanity and their citizenship. We can't tolerate it anymore.",Appeal to Emotion,Appeal to fear,68,0.9,0.6,0.8,0.2,0.7,0.0,0.4,0.6,0.7,0.0,0.8,0.0,0.0,0.0,0.0,0.0,0.0,0.0,0.0
"I have a few African-American friends who have gone through this horror and, you know, it makes me want to kind of hit the wall because it's such an assault on their humanity and their citizenship. We can't tolerate it anymore.",Appeal to Emotion,Appeal to fear,69,0.9,0.3,0.7,0.2,0.8,0.0,0.6,0.5,0.6,0.0,0.7,0.0,0.0,0.0,0.0,0.0,0.0,0.0,0.0
"I have a few African-American friends who have gone through this horror and, you know, it makes me want to kind of hit the wall because it's such an assault on their humanity and their citizenship. We can't tolerate it anymore.",Appeal to Emotion,Appeal to fear,70,0.9,0.4,0.8,0.3,0.7,0.0,0.3,0.4,0.7,0.0,0.8,0.0,0.0,0.0,0.0,0.0,0.0,0.0,0.0
"You're not going to have the opportunities; there are going to be more deficits, more drugs, more crime, and less confidence in the American people.",Appeal to Emotion,Appeal to fear,71,1.0,0.4,0.2,0.9,0.5,0.7,0.3,0.0,0.0,0.9,0.0,0.0,0.0,0.2,0.0,0.0,0.0,0.0,0.0
"You're not going to have the opportunities; there are going to be more deficits, more drugs, more crime, and less confidence in the American people.",Appeal to Emotion,Appeal to fear,72,1.0,0.3,0.2,0.9,0.4,0.7,0.2,0.0,0.0,0.9,0.0,0.0,0.0,0.2,0.0,0.0,0.0,0.0,0.1
You are robbing the American people of their savings.,Appeal to Emotion,Appeal to fear,73,0.9,0.2,0.1,0.9,0.4,0.0,0.2,0.0,0.0,0.0,0.0,0.0,0.0,0.2,0.0,0.0,0.0,0.0,0.1
"To think that Sam Nunn of Georgia or Colin Powell helped put together the coalition in the Persian Gulf were not even consulted. It was not only precipitous, it was a sign, not of strength, but of weakness.",Appeal to Emotion,Appeal to fear,74,0.4,0.1,0.0,0.0,0.2,0.0,0.0,0.0,0.0,0.0,0.0,0.0,0.0,0.0,0.0,0.0,0.0,0.0,0.0
"To think that Sam Nunn of Georgia or Colin Powell helped put together the coalition in the Persian Gulf were not even consulted. It was not only precipitous, it was a sign, not of strength, but of weakness.",Appeal to Emotion,Appeal to fear,75,0.6,0.2,0.0,0.0,0.2,0.0,0.0,0.0,0.0,0.0,0.0,0.0,0.0,0.0,0.0,0.0,0.0,0.0,0.0
The American people had lost faith and trust and confidence in the presidency itself.,Appeal to Emotion,Appeal to fear,76,0.2,0.0,0.0,0.8,0.1,0.0,0.0,0.0,0.0,0.0,0.0,0.0,0.0,0.4,0.0,0.0,0.0,0.0,0.1
The American people had lost faith and trust and confidence in the presidency itself.,Appeal to Emotion,Appeal to fear,77,0.6,0.2,0.0,0.8,0.1,0.0,0.0,0.0,0.0,0.0,0.0,0.0,0.0,0.2,0.0,0.0,0.0,0.0,0.1
"And it's important for America to confront the situation in Iran, because Iran is an enormous threat to Israel and to the Israeli people.",Appeal to Emotion,Appeal to fear,78,0.8,0.8,0.3,0.7,0.6,0.0,0.0,0.5,0.0,0.0,0.3,0.0,0.0,0.0,0.0,0.0,0.0,0.0,0.0
"And it's important for America to confront the situation in Iran, because Iran is an enormous threat to Israel and to the Israeli people.",Appeal to Emotion,Appeal to fear,79,0.8,0.8,0.2,0.7,0.6,0.0,0.0,0.6,0.0,0.0,0.3,0.0,0.0,0.0,0.0,0.0,0.0,0.0,0.0
"I think if you raise taxes during a recession, you head to depression.",Appeal to Emotion,Appeal to fear,80,0.9,0.3,0.8,0.7,0.6,0.2,0.3,0.0,0.2,0.0,0.0,0.0,0.0,0.0,0.0,0.0,0.0,0.0,0.0
It will come from the pockets of the people,Appeal to Emotion,Appeal to fear,81,0.6,0.7,0.0,0.8,0.0,0.4,0.0,0.0,0.3,0.2,0.0,0.0,0.0,0.7,0.0,0.0,0.0,0.0,0.6
It will come from the pockets of the people who are living in those very areas.,Appeal to Emotion,Appeal to fear,82,0.4,0.5,0.0,0.8,0.0,0.4,0.0,0.0,0.0,0.0,0.0,0.0,0.0,0.3,0.0,0.0,0.0,0.0,0.2
"And if Iraq were to fail, it'd be a haven for terrorists, and there would be money and the world would be much more dangerous.",Appeal to Emotion,Appeal to fear,83,1.0,0.6,0.3,0.8,0.5,0.0,0.0,0.0,0.3,0.0,0.0,0.0,0.0,0.0,0.0,0.0,0.0,0.0,0.0
"And if Iraq were to fail, it'd be a haven for terrorists, and there would be money and the world would be much more dangerous.",Appeal to Emotion,Appeal to fear,84,1.0,0.4,0.4,0.9,0.5,0.2,0.0,0.0,0.2,0.0,0.0,0.0,0.0,0.0,0.0,0.0,0.0,0.0,0.0
"These terrorists are serious, they're deadly, and they know nothing except trying to kill.",Appeal to Emotion,Appeal to fear,85,0.9,0.2,0.7,0.9,0.8,0.1,0.0,0.0,0.0,0.0,0.0,0.0,0.0,0.4,0.0,0.0,0.0,0.0,0.2
"These terrorists are serious, they're deadly, and they know nothing except trying to kill.",Appeal to Emotion,Appeal to fear,86,0.9,0.1,0.8,0.9,0.7,0.2,0.0,0.0,0.0,0.0,0.0,0.0,0.0,0.6,0.0,0.0,0.0,0.0,0.3
"These terrorists are serious, they're deadly, and they know nothing except trying to kill.",Appeal to Emotion,Appeal to fear,87,0.9,0.2,0.6,0.9,0.7,0.0,0.0,0.0,0.1,0.0,0.0,0.0,0.0,0.2,0.0,0.0,0.0,0.0,0.1
"But yes, I'm worried. I'm worried. I'm worried about our country.",Appeal to Emotion,Appeal to fear,88,0.3,0.7,0.0,0.2,0.1,0.0,0.0,0.0,0.0,0.0,0.0,0.0,0.0,0.0,0.0,0.0,0.0,0.0,0.0
"But yes, I'm worried. I'm worried. I'm worried about our country.",Appeal to Emotion,Appeal to fear,89,0.2,0.6,0.0,0.3,0.1,0.0,0.0,0.0,0.0,0.0,0.0,0.0,0.0,0.0,0.0,0.0,0.0,0.0,0.0
"But yes, I'm worried. I'm worried. I'm worried about our country.",Appeal to Emotion,Appeal to fear,90,0.3,0.7,0.0,0.4,0.1,0.0,0.0,0.0,0.0,0.0,0.0,0.0,0.0,0.0,0.0,0.0,0.0,0.0,0.0
Families are under tremendous pressure. People do not -- do not feel safe in their homes. A mother doesn't feel safe sending her child to school. Our schools are not educating.,Appeal to Emotion,Appeal to fear,91,0.9,0.8,0.2,0.9,0.7,0.3,0.2,0.0,0.0,0.1,0.0,0.0,0.0,0.7,0.2,0.0,0.0,0.0,0.3
Families are under tremendous pressure. People do not -- do not feel safe in their homes. A mother doesn't feel safe sending her child to school. Our schools are not educating.,Appeal to Emotion,Appeal to fear,92,0.9,0.8,0.2,0.9,0.7,0.1,0.2,0.0,0.0,0.1,0.0,0.0,0.0,0.8,0.1,0.0,0.0,0.0,0.5
Families are under tremendous pressure. People do not -- do not feel safe in their homes. A mother doesn't feel safe sending her child to school. Our schools are not educating.,Appeal to Emotion,Appeal to fear,93,0.9,0.8,0.2,0.9,0.7,0.3,0.2,0.0,0.0,0.2,0.0,0.0,0.0,0.7,0.1,0.0,0.0,0.0,0.6
Families are under tremendous pressure. People do not -- do not feel safe in their homes. A mother doesn't feel safe sending her child to school. Our schools are not educating.,Appeal to Emotion,Appeal to fear,94,0.9,0.8,0.3,0.9,0.7,0.4,0.2,0.0,0.0,0.2,0.0,0.0,0.0,0.6,0.1,0.0,0.0,0.0,0.3
"But I want to warn my fellow citizens: The cost of doing nothing, the cost of saying the current system is OK, far exceeds the costs of trying to make sure we save the system for our children.",Appeal to Emotion,Appeal to fear,95,0.8,0.7,0.1,0.4,0.4,0.0,0.1,0.0,0.0,0.6,0.5,0.0,0.0,0.0,0.0,0.0,0.0,0.0,0.0
"We went through this tragic experience leading to World War II. We learned our lesson again in Korea, We must not learn it again.",Appeal to Emotion,Appeal to fear,96,0.8,0.7,0.6,0.4,0.3,0.2,0.1,0.8,0.0,0.2,0.4,0.0,0.0,0.2,0.0,0.0,0.0,0.0,0.0
"We went through this tragic experience leading to World War II. We learned our lesson again in Korea, We must not learn it again.",Appeal to Emotion,Appeal to fear,97,0.8,0.4,0.5,0.3,0.3,0.0,0.2,0.8,0.0,0.2,0.4,0.0,0.0,0.1,0.0,0.0,0.0,0.0,0.0
"We went through this tragic experience leading to World War II. We learned our lesson again in Korea, We must not learn it again.",Appeal to Emotion,Appeal to fear,98,0.8,0.6,0.5,0.4,0.3,0.1,0.2,0.8,0.0,0.1,0.4,0.0,0.0,0.1,0.0,0.0,0.0,0.0,0.0
"Will it be a nightmare world threatened with the proliferation of atomic bombs, not just in five major countries but dozens of smaller countries that have been permitted to develop atomic weapons because of a failure of our top leadership to stop proliferation? Will we have a world of hunger and - and hatred, and will we be living in an armed camp stripped of our friendship and allies hiding behind a tight defense that's been drawn in around us because we are fearful of the outside world?",Appeal to Emotion,Appeal to fear,99,1.0,0.3,0.95,0.95,0.9,0.1,0.2,0.0,0.95,0.85,0.2,0.0,0.0,0.1,0.0,0.0,0.0,0.0,0.0
"Will it be a nightmare world threatened with the proliferation of atomic bombs, not just in five major countries but dozens of smaller countries that have been permitted to develop atomic weapons because of a failure of our top leadership to stop proliferation? Will we have a world of hunger and - and hatred, and will we be living in an armed camp stripped of our friendship and allies hiding behind a tight defense that's been drawn in around us because we are fearful of the outside world?",Appeal to Emotion,Appeal to fear,100,1.0,0.2,0.95,1.0,0.9,0.1,0.0,0.0,0.95,0.8,0.2,0.0,0.0,0.2,0.0,0.0,0.0,0.0,0.1
they are important and dangerous now because they are mounting a major effort within their own country,Appeal to Emotion,Appeal to fear,101,0.7,0.8,0.2,0.7,0.5,0.0,0.9,0.0,0.0,0.0,0.0,0.0,0.0,0.8,0.0,0.0,0.0,0.0,0.8
they are important and dangerous now because they are mounting a major effort within their own country,Appeal to Emotion,Appeal to fear,102,0.7,0.8,0.2,0.8,0.4,0.0,0.9,0.0,0.0,0.0,0.0,0.0,0.0,0.8,0.0,0.0,0.0,0.0,0.7
"This is a group of killers who will not only kill here, but kill children in Russia, that'll attack unmercifully in Iraq, hoping to shake our will.",Appeal to Emotion,Appeal to fear,103,0.95,0.15,0.7,0.9,0.6,0.2,0.1,0.0,0.3,0.75,0.0,0.0,0.0,0.1,0.0,0.0,0.0,0.0,0.0
"This is a group of killers who will not only kill here, but kill children in Russia, that'll attack unmercifully in Iraq, hoping to shake our will.",Appeal to Emotion,Appeal to fear,104,1.0,0.2,0.8,0.9,0.7,0.4,0.2,0.0,0.3,0.7,0.0,0.0,0.0,0.4,0.0,0.0,0.0,0.0,0.2
"This is a group of killers who will not only kill here, but kill children in Russia, that'll attack unmercifully in Iraq, hoping to shake our will.",Appeal to Emotion,Appeal to fear,105,1.0,0.2,0.8,0.9,0.8,0.3,0.2,0.0,0.3,0.8,0.0,0.0,0.0,0.4,0.0,0.0,0.0,0.0,0.2
"This is a group of killers who will not only kill here, but kill children in Russia, that'll attack unmercifully in Iraq, hoping to shake our will.",Appeal to Emotion,Appeal to fear,106,0.95,0.2,0.85,0.9,0.7,0.4,0.3,0.0,0.2,0.8,0.0,0.0,0.0,0.35,0.0,0.0,0.0,0.0,0.2
"Russia is still very unstable; they could go back to square one, and worse.",Appeal to Emotion,Appeal to fear,107,0.9,0.8,0.2,0.7,0.3,0.2,0.1,0.0,0.7,0.0,0.0,0.0,0.0,0.0,0.0,0.0,0.0,0.0,0.0
The 9/11 Commission put out a report that said America is safer but not yet safe.,Appeal to Emotion,Appeal to fear,108,0.3,0.4,0.0,0.2,0.0,0.0,0.0,0.0,0.0,0.0,0.0,0.0,0.0,0.0,0.0,0.0,0.0,0.0,0.0
The great threat to our country is that these haters end up with weapons of mass destruction.,Appeal to Emotion,Appeal to fear,109,1.0,0.4,0.9,0.8,0.8,0.0,0.1,0.0,0.1,0.7,0.0,0.0,0.0,0.7,0.0,0.0,0.0,0.0,0.6
We believe that that's too much additional money to take out of the pockets of the people.,Appeal to Emotion,Appeal to fear,110,0.7,0.6,0.0,0.8,0.3,0.4,0.0,0.0,0.3,0.2,0.0,0.0,0.0,0.7,0.0,0.0,0.0,0.0,0.5
"And every day that goes by, we see the results of the regime by Assad in partnership with the Iranians on the ground, the Russians in the air, bombarding places, in particular Aleppo, where there are hundreds of thousands of people, probably about 250,000 still left.",Appeal to Emotion,Appeal to fear,111,0.9,0.2,0.3,0.8,0.2,0.3,0.8,0.0,0.1,0.0,0.2,0.0,0.0,0.1,0.0,0.0,0.0,0.0,0.0
We are old. We’re tired. We’re exhausted in terms of nuclear.,Appeal to Emotion,Appeal to fear,112,0.3,0.0,0.0,0.2,0.2,0.0,0.0,0.0,0.0,0.0,0.0,0.0,0.0,0.2,0.0,0.0,0.0,0.0,0.1
We are old. We’re tired. We’re exhausted in terms of nuclear.,Appeal to Emotion,Appeal to fear,113,0.2,0.0,0.0,0.3,0.1,0.0,0.0,0.0,0.0,0.0,0.0,0.0,0.0,0.2,0.0,0.0,0.0,0.0,0.1
We are old. We’re tired. We’re exhausted in terms of nuclear.,Appeal to Emotion,Appeal to fear,114,0.4,0.0,0.0,0.2,0.3,0.0,0.0,0.0,0.0,0.0,0.0,0.0,0.0,0.2,0.0,0.0,0.0,0.0,0.1
Osama bin Laden uses the invasion of Iraq in order to go out to people and say that America has declared war on Islam.,Appeal to Emotion,Appeal to fear,115,0.4,0.1,0.0,0.7,0.1,0.0,0.0,0.0,0.0,0.0,0.0,0.0,0.0,0.2,0.0,0.0,0.0,0.0,0.1
"Now, Prime Minister Allawi came here, and he said the terrorists are pouring over the border. That's Allawi's assessment.",Appeal to Emotion,Appeal to fear,116,0.4,0.5,0.1,0.7,0.3,0.2,0.2,0.0,0.4,0.0,0.0,0.0,0.0,0.0,0.0,0.0,0.0,0.0,0.0
"Now, Prime Minister Allawi came here, and he said the terrorists are pouring over the border. That's Allawi's assessment.",Appeal to Emotion,Appeal to fear,117,0.6,0.4,0.1,0.7,0.3,0.2,0.4,0.0,0.5,0.0,0.0,0.0,0.0,0.0,0.0,0.0,0.0,0.0,0.0
"The national intelligence assessment that was given to the president in July said, best-case scenario, more of the same of what we see today; worst-case scenario, civil war.",Appeal to Emotion,Appeal to fear,118,1.0,0.0,0.9,0.8,0.3,0.4,0.0,0.0,0.0,0.0,0.0,0.0,0.0,0.0,0.0,0.0,0.0,0.0,0.0
We need to battle them overseas so we don't have to battle them here at home.,Appeal to Emotion,Appeal to fear,119,0.9,0.7,0.3,0.8,0.2,0.0,0.1,0.8,0.0,0.8,0.4,0.0,0.0,0.1,0.0,0.0,0.0,0.0,0.0
We need to battle them overseas so we don't have to battle them here at home.,Appeal to Emotion,Appeal to fear,120,0.9,0.8,0.2,0.8,0.3,0.0,0.1,0.9,0.0,0.9,0.6,0.0,0.0,0.3,0.0,0.0,0.0,0.0,0.1
He is responsible for most of the major car bombings that have killed or maimed thousands of people.,Appeal to Emotion,Appeal to fear,121,1.0,0.0,0.8,0.0,0.4,0.0,0.0,0.0,0.0,0.0,0.0,0.0,0.0,0.0,0.0,0.0,0.0,0.0,0.0
He's the one you will see on the evening news beheading hostages.,Appeal to Emotion,Appeal to fear,122,1.0,0.0,0.9,0.0,0.3,0.7,0.2,0.0,0.2,0.0,0.0,0.0,0.0,0.0,0.0,0.0,0.0,0.0,0.0
The biggest threat we faced today is the possibility of terrorists smuggling a nuclear weapon or a biological agent into one of our own cities and threatening the lives of hundreds of thousands of Americans.,Appeal to Emotion,Appeal to fear,123,1.0,0.0,0.9,0.8,0.7,0.3,0.4,0.0,0.2,0.8,0.0,0.0,0.0,0.0,0.0,0.0,0.0,0.0,0.0
this is the man who masterminded the greatest mass murder and terrorist attack in American history.,Appeal to Emotion,Appeal to fear,124,0.95,0.0,0.9,0.0,0.8,0.0,0.0,0.0,0.0,0.0,0.0,0.0,0.0,0.0,0.0,0.0,0.0,0.0,0.0
"And the point is that that's the place where you're most likely to see the terrorists come together with weapons of mass destruction, the deadly technologies that Saddam Hussein had developed and used over the years.",Appeal to Emotion,Appeal to fear,125,0.9,0.3,0.8,0.8,0.5,0.6,0.1,0.0,0.2,0.0,0.0,0.0,0.0,0.0,0.0,0.0,0.0,0.0,0.0
They're more dangerous today than they were four years ago.,Appeal to Emotion,Appeal to fear,126,0.6,0.7,0.0,0.8,0.2,0.0,0.4,0.0,0.0,0.0,0.0,0.0,0.0,0.7,0.0,0.0,0.0,0.0,0.6
"This vice president has been an advocate for over a decade for lifting sanctions against Iran, the largest state sponsor of terrorism on the planet.",Appeal to Emotion,Appeal to fear,127,0.3,0.2,0.4,0.7,0.4,0.0,0.0,0.0,0.0,0.0,0.0,0.0,0.0,0.0,0.0,0.0,0.0,0.0,0.0
That's dangerous and it's provocative.,Appeal to Emotion,Appeal to fear,128,0.7,0.8,0.1,0.0,0.2,0.0,0.0,0.0,0.0,0.0,0.0,0.0,0.0,0.0,0.0,0.0,0.0,0.0,0.0
It's the end of a reign of terror.,Appeal to Emotion,Appeal to fear,129,0.8,0.4,0.9,0.0,0.8,0.0,0.3,0.0,0.6,0.0,0.0,0.0,0.0,0.0,0.0,0.0,0.0,0.0,0.0
It's the end of a reign of terror.,Appeal to Emotion,Appeal to fear,130,0.2,0.0,0.8,0.0,0.7,0.0,0.0,0.0,0.6,0.0,0.0,0.0,0.0,0.0,0.0,0.0,0.0,0.0,0.0
"That is a legitimate concern, this is a very important area.",Appeal to Emotion,Appeal to fear,131,0.1,0.0,0.0,0.0,0.2,0.0,0.0,0.0,0.0,0.0,0.0,0.0,0.0,0.0,0.0,0.0,0.0,0.0,0.0
"And that will always be the case as long as the Communists are on the international scene, in the aggressive tac- uh - tendencies that they presently are following.",Appeal to Emotion,Appeal to fear,132,0.6,0.8,0.1,0.9,0.3,0.8,0.2,0.0,0.0,0.0,0.0,0.0,0.0,0.2,0.0,0.0,0.0,0.0,0.1
"we’ll have another 200,000 Americans dead by the time",Appeal to Emotion,Appeal to fear,133,1.0,0.6,0.4,0.8,0.3,0.2,0.7,0.0,0.0,0.0,0.3,0.0,0.0,0.0,0.0,0.0,0.0,0.0,0.0
That’s why so many people in my state were dying and getting cancer,Appeal to Emotion,Appeal to fear,134,1.0,0.1,0.2,0.8,0.1,0.0,0.0,0.0,0.0,0.0,0.0,0.0,0.0,0.3,0.2,0.0,0.0,0.0,0.2
He will kill it.,Appeal to Emotion,Appeal to fear,135,0.8,0.7,0.2,0.0,0.0,0.0,0.0,0.0,0.0,0.0,0.0,0.0,0.0,0.0,0.0,0.0,0.0,0.0,0.0
How many of you got up this morning and had an empty chair at the kitchen table because someone died of COVID?,Appeal to Emotion,Appeal to fear,136,0.95,0.0,0.0,0.0,0.1,0.0,0.85,0.0,0.7,0.95,0.0,0.0,0.0,0.0,0.0,0.0,0.0,0.0,0.0
"How many of you are in a situation where you lost your mom or dad and you couldn’t even speak to them, you had a nurse holding a phone up so you could in fact say goodbye?",Appeal to Emotion,Appeal to fear,137,0.9,0.1,0.1,0.4,0.2,0.0,0.0,0.0,0.3,0.9,0.0,0.0,0.0,0.2,0.1,0.0,0.0,0.0,0.1
"A lot of people died and a lot more are going to die unless he gets a lot smarter, a lot quicker",Appeal to Emotion,Appeal to fear,138,1.0,0.2,0.4,0.0,0.3,0.7,0.6,0.8,0.0,0.0,0.8,0.0,0.0,0.0,0.0,0.0,0.0,0.0,0.0
He will destroy this country,Appeal to Emotion,Appeal to fear,139,0.95,0.75,0.95,0.8,0.9,0.0,0.0,0.0,0.2,0.0,0.0,0.0,0.0,0.0,0.0,0.0,0.0,0.0,0.0
There’s fraud. They found ’em in creeks.,Appeal to Emotion,Appeal to fear,140,0.6,0.7,0.0,0.1,0.0,0.2,0.0,0.0,0.1,0.0,0.0,0.0,0.0,0.2,0.0,0.0,0.0,0.0,0.1
This is going to be a fraud like you’ve never seen.,Appeal to Emotion,Appeal to fear,141,0.9,0.8,0.4,0.0,0.9,0.6,0.7,0.0,0.2,0.2,0.0,0.0,0.0,0.0,0.0,0.0,0.0,0.0,0.0
It’s a rigged election.,Appeal to Emotion,Appeal to fear,142,0.3,0.4,0.0,0.2,0.1,0.0,0.0,0.0,0.0,0.0,0.0,0.0,0.0,0.0,0.0,0.0,0.0,0.0,0.0
This is not going to end well,Appeal to Emotion,Appeal to fear,143,0.9,1.0,0.0,0.0,0.1,0.2,0.0,0.0,0.0,0.0,0.0,0.0,0.0,0.0,0.0,0.0,0.0,0.0,0.0
This is not going to end well,Appeal to Emotion,Appeal to fear,144,0.9,0.95,0.0,0.0,0.2,0.6,0.0,0.0,0.0,0.0,0.0,0.0,0.0,0.0,0.0,0.0,0.0,0.0,0.0
they’re coming for you.,Appeal to Emotion,Appeal to fear,145,0.9,1.0,0.0,0.8,0.1,0.0,0.9,0.0,0.2,1.0,0.4,0.0,0.0,0.8,0.0,0.0,0.0,0.0,0.9
they’re coming for you,Appeal to Emotion,Appeal to fear,146,0.8,1.0,0.0,0.7,0.2,0.0,0.8,0.0,0.1,1.0,0.2,0.0,0.0,0.8,0.0,0.0,0.0,0.0,0.9
they’re coming for you,Appeal to Emotion,Appeal to fear,147,0.8,1.0,0.0,0.7,0.1,0.0,0.8,0.0,0.2,1.0,0.4,0.0,0.0,0.6,0.0,0.0,0.0,0.0,0.8
made America less safe,Appeal to Emotion,Appeal to fear,148,0.9,0.8,0.0,0.8,0.0,0.0,0.0,0.0,0.0,0.2,0.0,0.0,0.0,0.0,0.0,0.0,0.0,0.0,0.0
We’re dying with it,Slippery Slope,Appeal to fear,149,0.9,0.8,0.9,0.4,0.7,0.0,0.7,0.0,0.2,0.0,0.0,0.0,0.0,0.2,0.0,0.0,0.0,0.0,0.0
"But whether I agree or disagree with some individual, or what he may say, or how he may say it, I don't think there's any way that we can suggest that because people believe in God and go to church, that they should not want reflected in those people and those causes they support, their own belief in morality, and in the high traditions and principles which we've abandoned so much in this country.",Appeal to Authority,Popular Opinion,150,0.2,0.0,0.0,0.1,0.1,0.3,0.0,0.0,0.0,0.0,0.0,0.2,0.1,0.5,0.2,0.2,0.0,0.2,0.3
"I think the American people want it now. Every place I go I talk about it, and I think they want it done.",Appeal to Authority,Popular Opinion,151,0.0,0.0,0.0,0.0,0.0,0.2,0.0,0.0,0.0,0.0,0.0,0.8,0.7,0.4,0.7,0.8,0.1,0.0,0.3
"I think the American people want it now. Every place I go I talk about it, and I think they want it done.",Appeal to Authority,Popular Opinion,152,0.0,0.0,0.0,0.0,0.0,0.1,0.2,0.0,0.0,0.0,0.1,0.8,0.7,0.6,0.7,0.8,0.1,0.0,0.3
"All of these things and all the promises and commitments that Senator Obama and I made (inaudible) made to you tonight will base -- will be based on whether you can trust us or not to be careful stewards of your tax dollar, to make sure America is safe and secure and prosperous, to make sure we reform the institutions of government.",Appeal to Authority,Popular Opinion,153,0.1,0.0,0.0,0.0,0.0,0.0,0.0,0.0,0.0,0.1,0.0,0.0,0.0,0.0,0.0,0.0,0.0,0.0,0.0
"All of these things and all the promises and commitments that Senator Obama and I made (inaudible) made to you tonight will base -- will be based on whether you can trust us or not to be careful stewards of your tax dollar, to make sure America is safe and secure and prosperous, to make sure we reform the institutions of government.",Appeal to Authority,Popular Opinion,154,0.0,0.0,0.0,0.0,0.0,0.0,0.0,0.0,0.0,0.0,0.0,0.0,0.0,0.0,0.0,0.0,0.0,0.0,0.0
"All of these things and all the promises and commitments that Senator Obama and I made (inaudible) made to you tonight will base -- will be based on whether you can trust us or not to be careful stewards of your tax dollar, to make sure America is safe and secure and prosperous, to make sure we reform the institutions of government.",Appeal to Authority,Popular Opinion,155,0.1,0.0,0.0,0.0,0.0,0.0,0.0,0.0,0.0,0.0,0.0,0.0,0.0,0.0,0.0,0.0,0.0,0.0,0.0
"I ask everybody to look at my economic ideas and 9 Nobel prize winners and over 500 economists and hundreds of business people, including a lot of Republicans said, this is the way you've got to go.",Appeal to Authority,Popular Opinion,156,0.0,0.0,0.0,0.0,0.0,0.1,0.0,0.7,0.0,0.0,0.1,1.0,0.9,0.4,0.8,0.9,0.2,0.1,0.2
And people that believe in the Second Amendment and believe in it very strongly were very upset with what she had to say .,Appeal to Authority,Popular Opinion,157,0.2,0.0,0.0,0.6,0.2,0.0,0.0,0.0,0.0,0.0,0.0,0.0,0.0,0.8,0.3,0.0,0.0,0.1,0.7
And people that believe in the Second Amendment and believe in it very strongly were very upset with what she had to say .,Appeal to Authority,Popular Opinion,158,0.2,0.0,0.0,0.6,0.2,0.0,0.0,0.0,0.0,0.0,0.0,0.0,0.0,0.7,0.2,0.0,0.0,0.2,0.5
And people that believe in the Second Amendment and believe in it very strongly were very upset with what she had to say .,Appeal to Authority,Popular Opinion,159,0.2,0.0,0.0,0.6,0.1,0.0,0.0,0.0,0.0,0.0,0.0,0.1,0.0,0.8,0.4,0.1,0.0,0.2,0.7
"And when people vote, I think you're going to see a very strong verdict by the American people that they favor the approach that I'm talking about.",Appeal to Authority,Popular Opinion,160,0.0,0.0,0.0,0.0,0.0,0.4,0.1,0.0,0.0,0.0,0.0,0.8,0.8,0.2,0.7,0.9,0.1,0.0,0.1
"And when people vote, I think you're going to see a very strong verdict by the American people that they favor the approach that I'm talking about.",Appeal to Authority,Popular Opinion,161,0.0,0.0,0.0,0.0,0.0,0.4,0.1,0.0,0.0,0.0,0.0,0.7,0.7,0.3,0.8,0.8,0.0,0.0,0.2
The American people want arms control.,Appeal to Authority,Popular Opinion,162,0.0,0.0,0.0,0.0,0.0,0.0,0.0,0.0,0.0,0.0,0.0,0.7,0.7,0.8,0.4,0.8,0.1,0.2,0.5
"The American people see this debt, and they know it's got to come down.",Appeal to Authority,Popular Opinion,163,0.2,0.0,0.0,0.1,0.0,0.6,0.0,0.8,0.0,0.0,0.1,0.8,0.7,0.5,0.6,0.8,0.1,0.1,0.4
"The American people see this debt, and they know it's got to come down.",Appeal to Authority,Popular Opinion,164,0.3,0.1,0.0,0.2,0.0,0.4,0.0,0.8,0.0,0.0,0.1,0.8,0.7,0.6,0.5,0.8,0.1,0.2,0.3
"I think people understand what she's saying.  But they see a compassionate, strong, great first lady in Laura Bush.",Appeal to Authority,Popular Opinion,165,0.0,0.0,0.0,0.0,0.0,0.2,0.0,0.0,0.0,0.0,0.0,0.8,0.7,0.8,0.6,0.7,0.1,0.0,0.7
"I think people understand what she's saying.  But they see a compassionate, strong, great first lady in Laura Bush.",Appeal to Authority,Popular Opinion,166,0.0,0.0,0.0,0.0,0.0,0.2,0.0,0.0,0.0,0.0,0.0,0.7,0.6,0.8,0.6,0.7,0.0,0.0,0.7
I don't favor abortion. I don't think it's a good thing. I don't think most people do.,Appeal to Authority,Popular Opinion,167,0.0,0.0,0.0,0.0,0.0,0.2,0.0,0.0,0.0,0.0,0.0,0.6,0.5,0.7,0.8,0.6,0.1,0.0,0.7
I don't favor abortion. I don't think it's a good thing. I don't think most people do.,Appeal to Authority,Popular Opinion,168,0.0,0.0,0.0,0.0,0.0,0.2,0.0,0.0,0.0,0.0,0.0,0.4,0.3,0.7,0.8,0.6,0.0,0.0,0.7
I don't favor abortion. I don't think it's a good thing. I don't think most people do.,Appeal to Authority,Popular Opinion,169,0.0,0.0,0.0,0.0,0.0,0.2,0.0,0.0,0.0,0.0,0.0,0.3,0.2,0.6,0.7,0.5,0.0,0.0,0.6
I don't favor abortion. I don't think it's a good thing. I don't think most people do.,Appeal to Authority,Popular Opinion,170,0.0,0.0,0.0,0.0,0.0,0.2,0.0,0.0,0.0,0.0,0.0,0.4,0.3,0.6,0.7,0.5,0.0,0.0,0.5
"Maryland would not extradite Willie Horton, the man who was furloughed, the murderer, because they didn't want him to be furloughed again.",Appeal to Authority,Popular Opinion,171,0.7,0.6,0.1,0.0,0.0,0.0,0.0,0.0,0.0,0.0,0.0,0.0,0.0,0.0,0.0,0.0,0.0,0.0,0.0
"Maryland would not extradite Willie Horton, the man who was furloughed, the murderer, because they didn't want him to be furloughed again.",Appeal to Authority,Popular Opinion,172,0.4,0.1,0.1,0.0,0.0,0.0,0.0,0.0,0.0,0.0,0.0,0.0,0.0,0.0,0.0,0.0,0.0,0.0,0.0
"Maryland would not extradite Willie Horton, the man who was furloughed, the murderer, because they didn't want him to be furloughed again.",Appeal to Authority,Popular Opinion,173,0.4,0.2,0.1,0.0,0.0,0.0,0.0,0.0,0.0,0.0,0.0,0.0,0.0,0.0,0.0,0.0,0.0,0.0,0.0
"If you want somebody who is willing to fight for you, I am asking for your support and your vote and, yes, your confidence and your willingness to believe that we can do the right thing in America, and be the better for it.",Appeal to Authority,Popular Opinion,174,0.0,0.0,0.0,0.0,0.0,0.1,0.0,0.0,0.1,0.0,0.0,0.0,0.0,0.0,0.0,0.0,0.0,0.0,0.0
Ask the people in the armed forces today.,Appeal to Authority,Popular Opinion,175,0.0,0.0,0.0,0.0,0.0,0.0,0.1,0.0,0.0,0.0,0.0,0.2,0.1,0.2,0.0,0.1,0.0,0.0,0.2
It's not what the American people thought they were getting when they voted.,Appeal to Authority,Popular Opinion,176,0.1,0.0,0.0,0.3,0.0,0.0,0.0,0.0,0.0,0.0,0.0,0.2,0.1,0.4,0.2,0.3,0.0,0.0,0.3
"But for us to do what Senator Kennedy has suggested would bring results which I know he would not want, and certainly which the American people would not want.",Appeal to Authority,Popular Opinion,177,0.7,0.8,0.0,0.4,0.0,0.4,0.0,0.0,0.0,0.0,0.0,0.3,0.2,0.6,0.4,0.5,0.1,0.0,0.3
"In mine, I happen to believe in the people and believe that the people are supposed to be dominant in our society -- that they, not government, are to have control of their own affairs to the greatest extent possible, with an orderly society.",Appeal to Authority,Popular Opinion,178,0.0,0.0,0.0,0.0,0.0,0.1,0.0,0.4,0.0,0.0,0.0,0.1,0.0,0.8,0.2,0.0,0.0,0.2,0.5
"In mine, I happen to believe in the people and believe that the people are supposed to be dominant in our society -- that they, not government, are to have control of their own affairs to the greatest extent possible, with an orderly society.",Appeal to Authority,Popular Opinion,179,0.0,0.0,0.0,0.0,0.0,0.3,0.0,0.5,0.0,0.0,0.0,0.0,0.0,0.7,0.0,0.0,0.0,0.2,0.5
What I think troubles a lot of people in our country is that the president has just sort of described one kind of mistake.,Appeal to Authority,Popular Opinion,180,0.1,0.0,0.0,0.2,0.0,0.0,0.0,0.0,0.0,0.0,0.0,0.4,0.3,0.7,0.7,0.5,0.0,0.0,0.6
"Everybody who's looked at it, 500 economists, seven Nobel prize winners, say it's bad for the economy.",Appeal to Authority,Popular Opinion,181,0.7,0.3,0.0,0.4,0.0,0.3,0.0,0.0,0.0,0.0,0.0,0.9,0.8,0.2,0.9,0.8,0.1,0.0,0.2
And you folks out there are going to have to choose who you think is right.,Appeal to Authority,Popular Opinion,182,0.0,0.0,0.0,0.0,0.0,0.2,0.0,0.8,0.0,0.3,0.1,0.0,0.0,0.2,0.0,0.0,0.1,0.0,0.1
"The American people can make up their mind about whether that's a liberal record or a record that's good for America. Liberal, conservative, you put whatever label you want on it.",Appeal to Authority,Popular Opinion,183,0.0,0.0,0.0,0.0,0.0,0.0,0.0,0.0,0.0,0.0,0.0,0.0,0.0,0.2,0.1,0.0,0.0,0.0,0.1
"The American people can make up their mind about whether that's a liberal record or a record that's good for America. Liberal, conservative, you put whatever label you want on it.",Appeal to Authority,Popular Opinion,184,0.0,0.0,0.0,0.0,0.0,0.0,0.0,0.0,0.0,0.0,0.0,0.0,0.0,0.2,0.1,0.0,0.0,0.0,0.1
it was because the people were against them.,Appeal to Authority,Popular Opinion,185,0.1,0.0,0.0,0.7,0.0,0.0,0.0,0.0,0.0,0.0,0.0,0.2,0.1,0.9,0.2,0.3,0.0,0.0,0.9
"The American people now are facing, next Tuesday, a lonely decision. Those listening to my voice will have to make a judgment about the future of this country.",Appeal to Authority,Popular Opinion,186,0.1,0.0,0.0,0.0,0.0,0.1,0.7,0.8,0.1,0.7,0.4,0.0,0.0,0.4,0.0,0.0,0.0,0.0,0.2
"The American people now are facing, next Tuesday, a lonely decision. Those listening to my voice will have to make a judgment about the future of this country.",Appeal to Authority,Popular Opinion,187,0.1,0.0,0.0,0.0,0.0,0.1,0.7,0.7,0.1,0.8,0.4,0.0,0.0,0.3,0.0,0.0,0.0,0.0,0.2
"We ask the people that are viewing tonight, are you better off than you were four years ago.",Appeal to Authority,Popular Opinion,188,0.2,0.0,0.0,0.1,0.0,0.0,0.0,0.0,0.0,0.7,0.0,0.0,0.0,0.3,0.1,0.0,0.0,0.0,0.2
"Well, here's the problem with it: It sounds very good, but there's a reason that 500 economists, including seven Nobel prize winners and business periodicals like Business Week, and even Senator Dole's friends, Senator Warren Rudman, former Republican senator from New Hampshire, says it's not a practical program.",Appeal to Authority,Popular Opinion,189,0.1,0.0,0.0,0.0,0.0,0.1,0.0,0.0,0.0,0.0,0.0,0.9,0.9,0.2,0.8,0.9,0.1,0.0,0.2
"Well, here's the problem with it: It sounds very good, but there's a reason that 500 economists, including seven Nobel prize winners and business periodicals like Business Week, and even Senator Dole's friends, Senator Warren Rudman, former Republican senator from New Hampshire, says it's not a practical program.",Appeal to Authority,Popular Opinion,190,0.1,0.0,0.0,0.0,0.0,0.1,0.0,0.0,0.0,0.0,0.0,0.95,0.9,0.2,0.8,0.85,0.1,0.0,0.2
"I think those are very very serious questions of judgment, which those of you who are watching us here tonight have a right to judge and review.",Appeal to Authority,Popular Opinion,191,0.1,0.0,0.0,0.0,0.4,0.2,0.0,0.0,0.0,0.1,0.0,0.0,0.0,0.0,0.0,0.0,0.0,0.0,0.0
I cast my lot with the people even when it means that you have to stand up to some powerful interests who are trying to turn the -- the policies and the laws to their advantage.,Appeal to Authority,Popular Opinion,192,0.2,0.1,0.0,0.4,0.0,0.0,0.0,0.1,0.0,0.1,0.0,0.2,0.0,0.6,0.2,0.0,0.0,0.2,0.5
"I wish he could have been with me when I sat with a group of teenagers who were black, and who were telling me about their unemployment problems, and that it was the minimum wage that had done away with the jobs that they once could get.",Appeal to Authority,Popular Opinion,193,0.8,0.0,0.0,0.4,0.0,0.0,0.0,0.0,0.0,0.0,0.0,0.0,0.0,0.2,0.0,0.0,0.0,0.0,0.1
"This, to me, is a very important difference between him and me in this election, and I believe the American people will judge accordingly.",Appeal to Authority,Popular Opinion,194,0.0,0.0,0.0,0.0,0.0,0.3,0.0,0.0,0.0,0.0,0.0,0.0,0.0,0.3,0.1,0.0,0.0,0.0,0.2
"It happened because I could work with people -- Republicans and Democrats. That's why we've had 24 retired generals and admirals, hundreds of business people, many of them Republican, support this campaign.",Appeal to Authority,Popular Opinion,195,0.0,0.0,0.0,0.0,0.0,0.0,0.0,0.0,0.0,0.0,0.0,0.8,0.7,0.3,0.8,0.5,0.0,0.2,0.2
"It happened because I could work with people -- Republicans and Democrats. That's why we've had 24 retired generals and admirals, hundreds of business people, many of them Republican, support this campaign.",Appeal to Authority,Popular Opinion,196,0.0,0.0,0.0,0.0,0.0,0.0,0.0,0.0,0.0,0.0,0.0,0.8,0.7,0.2,0.6,0.3,0.0,0.0,0.2
"It happened because I could work with people -- Republicans and Democrats. That's why we've had 24 retired generals and admirals, hundreds of business people, many of them Republican, support this campaign.",Appeal to Authority,Popular Opinion,197,0.0,0.0,0.0,0.0,0.0,0.0,0.0,0.0,0.0,0.0,0.0,0.8,0.7,0.2,0.7,0.6,0.0,0.1,0.2
"It's not the government's money, it's your money. You're entitled to it, and we would like to see to it that we provide tax relief for everybody who pays taxes.",Appeal to Authority,Popular Opinion,198,0.0,0.0,0.0,0.0,0.0,0.2,0.0,0.0,0.0,0.0,0.0,0.0,0.0,0.1,0.0,0.0,0.0,0.0,0.1
"It's not the government's money, it's your money. You're entitled to it, and we would like to see to it that we provide tax relief for everybody who pays taxes.",Appeal to Authority,Popular Opinion,199,0.0,0.0,0.0,0.0,0.0,0.0,0.0,0.0,0.0,0.0,0.0,0.0,0.0,0.2,0.0,0.0,0.0,0.0,0.1
"It's not the government's money, it's your money. You're entitled to it, and we would like to see to it that we provide tax relief for everybody who pays taxes.",Appeal to Authority,Popular Opinion,200,0.0,0.0,0.0,0.0,0.0,0.1,0.0,0.0,0.0,0.0,0.0,0.0,0.0,0.2,0.0,0.0,0.0,0.0,0.1
"It's not the government's money, it's your money. You're entitled to it, and we would like to see to it that we provide tax relief for everybody who pays taxes.",Appeal to Authority,Popular Opinion,201,0.0,0.0,0.0,0.0,0.0,0.1,0.0,0.0,0.0,0.0,0.0,0.0,0.0,0.2,0.1,0.0,0.0,0.0,0.1
"If we can just tap the intelligence and ability, the sound common sense and the good judgment of the American people, we can once again have a foreign policy to make us proud instead of ashamed.",Appeal to Authority,Popular Opinion,202,0.4,0.1,0.0,0.2,0.1,0.0,0.0,0.0,0.0,0.4,0.0,0.7,0.6,0.2,0.3,0.7,0.1,0.5,0.1
And I need the help of everybody across this country to get it passed in a substantial way by the Congress.,Appeal to Authority,Popular Opinion,203,0.0,0.0,0.0,0.0,0.0,0.0,0.0,0.6,0.0,0.0,0.2,0.2,0.0,0.4,0.3,0.2,0.1,0.1,0.2
"Mr. Perot wants to do the same thing. I agree with him. I mean, we agree with that.",Appeal to Authority,Popular Opinion,204,0.0,0.0,0.0,0.0,0.0,0.0,0.0,0.0,0.0,0.0,0.0,0.0,0.0,0.2,0.0,0.0,0.0,0.0,0.1
"Mr. Perot wants to do the same thing. I agree with him. I mean, we agree with that.",Appeal to Authority,Popular Opinion,205,0.0,0.0,0.0,0.0,0.0,0.0,0.0,0.0,0.0,0.0,0.0,0.0,0.0,0.2,0.0,0.0,0.0,0.0,0.2
"Mr. Perot wants to do the same thing. I agree with him. I mean, we agree with that.",Appeal to Authority,Popular Opinion,206,0.0,0.0,0.0,0.0,0.0,0.0,0.0,0.0,0.0,0.0,0.0,0.0,0.0,0.2,0.0,0.1,0.0,0.0,0.2
I would say that the people now have the opportunity to evaluate his as against mine and I think both he and I are going to abide by whatever the people decide.,Appeal to Authority,Popular Opinion,207,0.0,0.0,0.0,0.0,0.0,0.2,0.0,0.0,0.0,0.0,0.0,0.0,0.0,0.4,0.2,0.0,0.0,0.0,0.3
I would say that the people now have the opportunity to evaluate his as against mine and I think both he and I are going to abide by whatever the people decide.,Appeal to Authority,Popular Opinion,208,0.0,0.0,0.0,0.0,0.0,0.2,0.0,0.0,0.0,0.0,0.0,0.0,0.0,0.4,0.2,0.0,0.0,0.0,0.3
"But I disagree with them, as do many.",Appeal to Authority,Popular Opinion,209,0.0,0.0,0.0,0.0,0.0,0.0,0.0,0.0,0.0,0.0,0.0,0.6,0.4,0.7,0.8,0.7,0.1,0.0,0.8
Let me just tell you who the jury is. The people of Texas.,Appeal to Authority,Popular Opinion,210,0.0,0.0,0.0,0.2,0.0,0.0,0.0,0.0,0.0,0.0,0.0,0.1,0.1,0.4,0.0,0.1,0.0,0.0,0.2
Let me just tell you who the jury is. The people of Texas.,Appeal to Authority,Popular Opinion,211,0.0,0.0,0.0,0.1,0.0,0.0,0.0,0.0,0.0,0.0,0.0,0.2,0.1,0.3,0.1,0.2,0.0,0.0,0.2
"So I think the American people, including the Perot supporters, know that I have had a consistent record in favor of campaign finance reform, and I will continue to have.",Appeal to Authority,Popular Opinion,212,0.0,0.0,0.0,0.0,0.0,0.2,0.0,0.0,0.0,0.0,0.0,0.2,0.1,0.3,0.2,0.1,0.0,0.0,0.2
"So I think the American people, including the Perot supporters, know that I have had a consistent record in favor of campaign finance reform, and I will continue to have.",Appeal to Authority,Popular Opinion,213,0.0,0.0,0.0,0.0,0.0,0.2,0.0,0.0,0.0,0.0,0.0,0.2,0.1,0.3,0.1,0.2,0.0,0.0,0.2
"They know the Republican Party hasn't done it. They know the Democratic party won't do it. We ought to agree that somebody else should do it. And we have to vote it up or down, Mr. President.",Appeal to Authority,Popular Opinion,214,0.0,0.0,0.0,0.0,0.0,0.3,0.2,0.8,0.0,0.0,0.3,0.0,0.0,0.2,0.0,0.0,0.0,0.0,0.1
"They know the Republican Party hasn't done it. They know the Democratic party won't do it. We ought to agree that somebody else should do it. And we have to vote it up or down, Mr. President.",Appeal to Authority,Popular Opinion,215,0.0,0.0,0.0,0.0,0.0,0.4,0.1,0.8,0.0,0.0,0.4,0.0,0.0,0.2,0.0,0.0,0.0,0.0,0.1
"They know the Republican Party hasn't done it. They know the Democratic party won't do it. We ought to agree that somebody else should do it. And we have to vote it up or down, Mr. President.",Appeal to Authority,Popular Opinion,216,0.0,0.0,0.0,0.0,0.0,0.7,0.1,0.8,0.0,0.0,0.3,0.0,0.0,0.2,0.0,0.0,0.0,0.0,0.1
"Right from the bottom up, the American people have got to say they want it.",Appeal to Authority,Popular Opinion,217,0.0,0.0,0.0,0.0,0.0,0.0,0.0,0.7,0.1,0.0,0.1,0.4,0.2,0.0,0.3,0.6,0.1,0.2,0.0
"But I think it makes sense, I think most Americans in their guts know, that we ought to pass a sort of truth standard.",Appeal to Authority,Popular Opinion,218,0.0,0.0,0.0,0.0,0.0,0.3,0.0,0.7,0.1,0.0,0.0,0.8,0.7,0.2,0.8,0.7,0.1,0.1,0.3
"But I think it makes sense, I think most Americans in their guts know, that we ought to pass a sort of truth standard.",Appeal to Authority,Popular Opinion,219,0.0,0.0,0.0,0.0,0.0,0.4,0.0,0.6,0.1,0.0,0.0,0.8,0.7,0.4,0.8,0.7,0.1,0.1,0.2
"I believe I'm going to win, because the American people know I know how to lead.",Appeal to Authority,Popular Opinion,220,0.0,0.0,0.0,0.0,0.0,0.3,0.0,0.0,0.0,0.0,0.0,0.8,0.8,0.2,0.4,0.8,0.0,0.0,0.2
"I believe I'm going to win, because the American people know I know how to lead.",Appeal to Authority,Popular Opinion,221,0.0,0.0,0.0,0.0,0.0,0.2,0.0,0.0,0.0,0.0,0.0,0.8,0.8,0.3,0.4,0.9,0.0,0.0,0.2
But people know where I stand.,Appeal to Authority,Popular Opinion,222,0.0,0.0,0.0,0.0,0.0,0.0,0.0,0.0,0.0,0.0,0.0,0.0,0.0,0.7,0.2,0.0,0.0,0.0,0.8
People out there listening know what I believe.,Appeal to Authority,Popular Opinion,223,0.0,0.0,0.0,0.0,0.0,0.2,0.0,0.0,0.0,0.0,0.0,0.0,0.0,0.7,0.2,0.0,0.0,0.0,0.8
And I'm interested in what we can trust him to do and what you can trust me to do and what you can trust Mr. Perot to do for the next 4 years. So I think you're right and I hope the rest of the night belongs to you.,Appeal to Authority,Popular Opinion,224,0.0,0.0,0.0,0.0,0.0,0.0,0.0,0.0,0.0,0.0,0.0,0.0,0.0,0.0,0.0,0.0,0.0,0.0,0.0
And I'm interested in what we can trust him to do and what you can trust me to do and what you can trust Mr. Perot to do for the next 4 years. So I think you're right and I hope the rest of the night belongs to you.,Appeal to Authority,Popular Opinion,225,0.0,0.0,0.0,0.0,0.0,0.1,0.0,0.0,0.0,0.0,0.0,0.0,0.0,0.0,0.0,0.0,0.0,0.0,0.0
"I feel strongly that the Supreme Court needs to stand on the side of the American people, not on the side of the powerful corporations and the wealthy.",Appeal to Authority,Popular Opinion,226,0.1,0.0,0.0,0.2,0.0,0.2,0.0,0.7,0.0,0.0,0.0,0.0,0.0,0.4,0.0,0.0,0.0,0.2,0.2
"I feel strongly that the Supreme Court needs to stand on the side of the American people, not on the side of the powerful corporations and the wealthy.",Appeal to Authority,Popular Opinion,227,0.1,0.0,0.0,0.2,0.0,0.2,0.0,0.7,0.0,0.0,0.0,0.0,0.0,0.3,0.0,0.0,0.0,0.2,0.2
"I feel strongly that the Supreme Court needs to stand on the side of the American people, not on the side of the powerful corporations and the wealthy.",Appeal to Authority,Popular Opinion,228,0.1,0.0,0.0,0.2,0.0,0.2,0.0,0.7,0.0,0.0,0.0,0.0,0.0,0.3,0.0,0.0,0.0,0.1,0.2
"And I feel strongly that the Supreme Court needs to stand on the side of the American people, not on the side of the powerful corporations and the wealthy.",Appeal to Authority,Popular Opinion,229,0.1,0.0,0.0,0.3,0.0,0.3,0.0,0.7,0.0,0.2,0.1,0.0,0.0,0.5,0.0,0.0,0.0,0.1,0.2
"And I feel strongly that the Supreme Court needs to stand on the side of the American people, not on the side of the powerful corporations and the wealthy.",Appeal to Authority,Popular Opinion,230,0.1,0.0,0.0,0.2,0.0,0.3,0.0,0.8,0.1,0.0,0.1,0.0,0.0,0.3,0.0,0.0,0.0,0.2,0.2
"And I feel strongly that the Supreme Court needs to stand on the side of the American people, not on the side of the powerful corporations and the wealthy.",Appeal to Authority,Popular Opinion,231,0.1,0.0,0.0,0.2,0.0,0.3,0.0,0.8,0.0,0.0,0.1,0.0,0.0,0.2,0.0,0.0,0.0,0.1,0.1
"Well, I hope all of those Americans out there who are watching us, listening to us and trying to make up their mind about which one of us ought to be president of the United States listen to the Vice President very carefully.",Appeal to Authority,Popular Opinion,232,0.0,0.0,0.0,0.0,0.0,0.0,0.0,0.0,0.0,0.0,0.0,0.0,0.0,0.2,0.0,0.0,0.0,0.0,0.1
Because has won the support of a great many people all over the state and I think it's a model for what I hope we can do across the country.,Appeal to Authority,Popular Opinion,233,0.0,0.0,0.0,0.0,0.0,0.1,0.0,0.0,0.0,0.0,0.0,0.8,0.7,0.3,0.9,0.8,0.0,0.0,0.2
Because has won the support of a great many people all over the state and I think it's a model for what I hope we can do across the country.,Appeal to Authority,Popular Opinion,234,0.0,0.0,0.0,0.0,0.0,0.2,0.0,0.0,0.0,0.0,0.0,0.8,0.7,0.3,0.8,0.7,0.0,0.0,0.2
"I've talked to bankers and builders and developers, the housing advocates, community development agencies, and they want leadership from Washington.",Appeal to Authority,Popular Opinion,235,0.0,0.0,0.0,0.0,0.0,0.1,0.0,0.0,0.0,0.0,0.0,0.7,0.6,0.4,0.3,0.8,0.0,0.0,0.3
"I've talked to bankers and builders and developers, the housing advocates, community development agencies, and they want leadership from Washington.",Appeal to Authority,Popular Opinion,236,0.0,0.0,0.0,0.0,0.0,0.0,0.0,0.0,0.0,0.0,0.0,0.7,0.6,0.2,0.3,0.8,0.0,0.0,0.2
"I've talked to bankers and builders and developers, the housing advocates, community development agencies, and they want leadership from Washington.",Appeal to Authority,Popular Opinion,237,0.0,0.0,0.0,0.0,0.0,0.0,0.0,0.0,0.0,0.0,0.0,0.7,0.5,0.2,0.3,0.8,0.0,0.0,0.3
You must always remember that a president can't stop anything unless he has the people behind him.,Appeal to Authority,Popular Opinion,238,0.1,0.0,0.0,0.1,0.0,0.8,0.0,0.9,0.0,0.0,0.0,0.7,0.6,0.5,0.2,0.7,0.1,0.0,0.4
"And the reason President Eisenhower's vetoes have been sustained - the reason the Congress does not send up bills to him which they think will be vetoed - is because the people and the Congress, the majority of them, know the country is behind the President.",Appeal to Authority,Popular Opinion,239,0.0,0.0,0.0,0.0,0.0,0.2,0.0,0.0,0.0,0.0,0.0,0.8,0.8,0.6,0.7,0.8,0.1,0.0,0.4
"If you look back over the last eight years, the most significant accomplishments of this administration in which Al Gore was centrally involved were the result, most of them, of bipartisan agreements.",Appeal to Authority,Popular Opinion,240,0.0,0.0,0.0,0.0,0.0,0.1,0.0,0.0,0.0,0.0,0.0,0.0,0.0,0.0,0.0,0.0,0.0,0.0,0.0
That's the argument between Mr. Nixon and myself and on that issue the American people have to make their judgment and I think it's a important judgment.,Appeal to Authority,Popular Opinion,241,0.0,0.0,0.0,0.0,0.0,0.1,0.0,0.3,0.0,0.0,0.0,0.0,0.0,0.1,0.0,0.0,0.0,0.0,0.0
That's the argument between Mr. Nixon and myself and on that issue the American people have to make their judgment and I think it's a important judgment.,Appeal to Authority,Popular Opinion,242,0.0,0.0,0.0,0.0,0.0,0.1,0.0,0.4,0.0,0.0,0.0,0.0,0.0,0.1,0.0,0.0,0.0,0.0,0.0
That's the argument between Mr. Nixon and myself and on that issue the American people have to make their judgment and I think it's a important judgment.,Appeal to Authority,Popular Opinion,243,0.0,0.0,0.0,0.0,0.0,0.1,0.0,0.4,0.0,0.0,0.0,0.0,0.0,0.1,0.0,0.0,0.0,0.0,0.0
And I think I'm more in touch with the mainstream of America. They raised the same thing with me on the Pledge of Allegiance.,Appeal to Authority,Popular Opinion,244,0.0,0.0,0.0,0.0,0.0,0.1,0.0,0.0,0.0,0.0,0.0,0.4,0.3,0.8,0.6,0.5,0.0,0.2,0.7
And I think I'm more in touch with the mainstream of America. They raised the same thing with me on the Pledge of Allegiance.,Appeal to Authority,Popular Opinion,245,0.0,0.0,0.0,0.0,0.0,0.2,0.0,0.0,0.0,0.0,0.0,0.6,0.5,0.7,0.6,0.5,0.1,0.2,0.6
And I think I'm more in touch with the mainstream of America. They raised the same thing with me on the Pledge of Allegiance.,Appeal to Authority,Popular Opinion,246,0.0,0.0,0.0,0.0,0.0,0.1,0.0,0.0,0.0,0.0,0.0,0.6,0.5,0.8,0.7,0.6,0.1,0.3,0.7
"They saw a man who was strong, who had conviction, who is resolute, who made it very clear that he will do everything that has to be done to find terrorists, to keep the American people safe.",Appeal to Authority,Popular Opinion,247,0.2,0.1,0.0,0.0,0.1,0.3,0.0,0.4,0.0,0.3,0.0,0.2,0.1,0.2,0.0,0.1,0.0,0.0,0.1
"They saw a man who was strong, who had conviction, who is resolute, who made it very clear that he will do everything that has to be done to find terrorists, to keep the American people safe.",Appeal to Authority,Popular Opinion,248,0.2,0.1,0.0,0.0,0.1,0.3,0.0,0.4,0.0,0.3,0.0,0.0,0.0,0.0,0.0,0.0,0.0,0.0,0.0
"They saw a man who was strong, who had conviction, who is resolute, who made it very clear that he will do everything that has to be done to find terrorists, to keep the American people safe.",Appeal to Authority,Popular Opinion,249,0.2,0.1,0.0,0.2,0.2,0.4,0.0,0.5,0.0,0.4,0.0,0.0,0.0,0.0,0.0,0.0,0.0,0.0,0.0
"They saw a man who was strong, who had conviction, who is resolute, who made it very clear that he will do everything that has to be done to find terrorists, to keep the American people safe.",Appeal to Authority,Popular Opinion,250,0.2,0.1,0.0,0.1,0.1,0.4,0.0,0.5,0.0,0.4,0.0,0.0,0.0,0.1,0.0,0.0,0.0,0.0,0.0
"And everybody knows, including the Wall Street Journal, hardly a friend of the Democratic party of this administration, that the '82 tax increase he sponsored in inflation-adjusted dollars was the biggest tax increase in American history.",Appeal to Authority,Popular Opinion,251,0.2,0.0,0.0,0.0,0.3,0.7,0.0,0.0,0.0,0.0,0.0,0.9,0.8,0.8,1.0,0.7,0.4,0.0,0.5
"And everybody knows, including the Wall Street Journal, hardly a friend of the Democratic party of this administration, that the '82 tax increase he sponsored in inflation-adjusted dollars was the biggest tax increase in American history.",Appeal to Authority,Popular Opinion,252,0.1,0.0,0.0,0.1,0.2,0.8,0.0,0.0,0.0,0.0,0.0,0.9,0.8,0.7,0.9,0.6,0.2,0.0,0.3
"Well, first of all, there are virtually no large differences in the defense budgets put forward by President Clinton and put forward by the majority in the Congress in the last two years.",Appeal to Authority,Popular Opinion,253,0.0,0.0,0.0,0.0,0.0,0.1,0.0,0.0,0.0,0.0,0.0,0.0,0.0,0.0,0.0,0.0,0.0,0.0,0.0
I've never depended on powerful political figures to put me in office. I have a direct relationship with hundreds of people around - hundreds of thousands around the country who actively campaign for me.,Appeal to Authority,Popular Opinion,254,0.0,0.0,0.0,0.0,0.0,0.0,0.0,0.0,0.0,0.0,0.0,0.7,0.6,0.2,0.6,0.5,0.0,0.1,0.2
I've never depended on powerful political figures to put me in office. I have a direct relationship with hundreds of people around - hundreds of thousands around the country who actively campaign for me.,Appeal to Authority,Popular Opinion,255,0.0,0.0,0.0,0.0,0.0,0.0,0.0,0.0,0.0,0.0,0.0,0.7,0.6,0.4,0.6,0.5,0.0,0.0,0.3
Now you judge for yourselves whether or not that's fair.,Appeal to Authority,Popular Opinion,256,0.0,0.0,0.0,0.0,0.0,0.0,0.0,0.0,0.0,0.0,0.0,0.0,0.0,0.0,0.0,0.0,0.0,0.0,0.0
"people that would not be necessarily on my side said that, “President Trump did a phenomenal job.”",Appeal to Authority,Popular Opinion,257,0.0,0.0,0.0,0.0,0.0,0.0,0.0,0.0,0.0,0.0,0.0,0.7,0.6,0.9,0.2,0.8,0.0,0.0,0.8
"you folks at home, you folks living in Scranton and Claymont and all the small towns and working class towns in America, how well are you doing",Appeal to Authority,Popular Opinion,258,0.2,0.0,0.0,0.4,0.0,0.0,0.0,0.0,0.0,0.6,0.0,0.0,0.0,0.4,0.0,0.0,0.0,0.1,0.2
people of Ohio are very proud of me.,Appeal to Authority,Popular Opinion,259,0.0,0.0,0.0,0.0,0.0,0.0,0.0,0.0,0.0,0.0,0.0,0.0,0.0,0.2,0.0,0.0,0.0,0.0,0.2
the American people have witnessed what is the greatest failure of any presidential administration in the history of our country.,Appeal to Authority,Popular Opinion,260,0.6,0.1,0.2,0.4,0.9,0.0,0.0,0.0,0.0,0.6,0.0,0.0,0.0,0.3,0.0,0.0,0.0,0.0,0.1
"I think the American people know that this is a president who has put the health of America first and the American people, I believe with my heart, can be proud of the sacrifices they have made.",Appeal to Authority,Popular Opinion,261,0.0,0.0,0.0,0.0,0.0,0.7,0.0,0.0,0.0,0.0,0.0,0.4,0.3,0.3,0.4,0.5,0.1,0.4,0.1
"when you say what the American people have done over these last eight months hasn’t worked, that’s a great disservice to the sacrifices the American people have made.",Appeal to Authority,Popular Opinion,262,0.4,0.0,0.0,0.7,0.2,0.0,0.0,0.0,0.0,0.0,0.0,0.2,0.1,0.3,0.0,0.2,0.0,0.3,0.1
’m going to speak up on behalf of what the American people have done.,Appeal to Authority,Popular Opinion,263,0.0,0.0,0.0,0.1,0.0,0.0,0.0,0.0,0.0,0.0,0.0,0.1,0.0,0.3,0.1,0.0,0.0,0.1,0.2
The American people who have had to sacrifice far too much because of the incompetence of this administration.,Appeal to Authority,Popular Opinion,264,0.8,0.7,0.0,0.9,0.8,0.0,0.0,0.0,0.0,0.0,0.0,0.0,0.0,0.3,0.0,0.0,0.0,0.0,0.2
But I think the American people know the answer.,Appeal to Authority,Popular Opinion,265,0.0,0.0,0.0,0.0,0.0,0.2,0.0,0.0,0.0,0.0,0.0,0.4,0.3,0.2,0.1,0.3,0.0,0.0,0.2
